,Country,year,HappinessScore,Happiness Rank,Economy (GDP per Capita),Health (Life Expectancy),Freedom
0,Switzerland,2015,7.587000000000001,1,1.3965100000000001,0.9414299999999999,0.66557
1,Iceland,2015,7.561,2,1.3023200000000001,0.94784,0.6287699999999999
2,Denmark,2015,7.527,3,1.32548,0.87464,0.6493800000000001
3,Norway,2015,7.522,4,1.459,0.88521,0.66973
4,Canada,2015,7.4270000000000005,5,1.32629,0.9056299999999999,0.63297
5,Finland,2015,7.406000000000001,6,1.29025,0.8891100000000001,0.64169
6,Netherlands,2015,7.377999999999999,7,1.32944,0.89284,0.6157600000000001
7,Sweden,2015,7.364,8,1.33171,0.9108700000000001,0.6598
8,New Zealand,2015,7.2860000000000005,9,1.2501799999999998,0.9083700000000001,0.6393800000000001
9,Australia,2015,7.284,10,1.33358,0.93156,0.6512399999999999
10,Israel,2015,7.278,11,1.2285700000000002,0.9138700000000001,0.41318999999999995
11,Costa Rica,2015,7.226,12,0.95578,0.8602700000000001,0.63376
12,Austria,2015,7.2,13,1.33723,0.8904200000000001,0.62433
13,Mexico,2015,7.187,14,1.02054,0.8144399999999999,0.48181
14,United States,2015,7.119,15,1.3945100000000001,0.86179,0.54604
15,Brazil,2015,6.983,16,0.98124,0.69702,0.49049
16,Luxembourg,2015,6.946000000000001,17,1.5639100000000001,0.91894,0.61583
17,Ireland,2015,6.94,18,1.33596,0.89533,0.6177699999999999
18,Belgium,2015,6.937,19,1.30782,0.8966700000000001,0.5845
19,United Arab Emirates,2015,6.901,20,1.42727,0.80925,0.64157
20,United Kingdom,2015,6.867000000000001,21,1.26637,0.90943,0.59625
21,Oman,2015,6.853,22,1.36011,0.76276,0.63274
22,Venezuela,2015,6.81,23,1.04424,0.7205199999999999,0.42908
23,Singapore,2015,6.797999999999999,24,1.52186,1.02525,0.54252
24,Panama,2015,6.7860000000000005,25,1.0635299999999999,0.79661,0.5421
25,Germany,2015,6.75,26,1.32792,0.89186,0.6147699999999999
26,Chile,2015,6.67,27,1.10715,0.85857,0.44132
27,Qatar,2015,6.611000000000001,28,1.69042,0.79733,0.6404
28,France,2015,6.575,29,1.27778,0.9457899999999999,0.55011
29,Argentina,2015,6.574,30,1.05351,0.78723,0.44974
30,Czech Republic,2015,6.505,31,1.17898,0.84483,0.46363999999999994
31,Uruguay,2015,6.485,32,1.06166,0.8116,0.6036199999999999
32,Colombia,2015,6.477,33,0.91861,0.69077,0.53466
33,Thailand,2015,6.455,34,0.9669,0.7385,0.5566399999999999
34,Saudi Arabia,2015,6.4110000000000005,35,1.39541,0.72025,0.31048000000000003
35,Spain,2015,6.329,36,1.23011,0.95562,0.45951000000000003
36,Malta,2015,6.3020000000000005,37,1.2074,0.88721,0.60365
37,Taiwan,2015,6.297999999999999,38,1.29098,0.8753,0.3974
38,Kuwait,2015,6.295,39,1.5542200000000002,0.72492,0.55499
39,Suriname,2015,6.269,40,0.99534,0.6082,0.5965699999999999
40,Trinidad and Tobago,2015,6.167999999999999,41,1.21183,0.61483,0.55884
41,El Salvador,2015,6.13,42,0.76454,0.67737,0.4035
42,Guatemala,2015,6.122999999999999,43,0.74553,0.64425,0.57733
43,Uzbekistan,2015,6.002999999999999,44,0.63244,0.59772,0.6582100000000001
44,Slovakia,2015,5.995,45,1.1689100000000001,0.7890199999999999,0.31751
45,Japan,2015,5.987,46,1.27074,0.99111,0.49615
46,South Korea,2015,5.984,47,1.24461,0.9653799999999999,0.33208000000000004
47,Ecuador,2015,5.975,48,0.8640200000000001,0.79075,0.48573999999999995
48,Bahrain,2015,5.96,49,1.32376,0.74716,0.45492
49,Italy,2015,5.9479999999999995,50,1.25114,0.9544600000000001,0.26236
50,Bolivia,2015,5.89,51,0.68133,0.5392,0.57414
51,Moldova,2015,5.888999999999999,52,0.59448,0.61826,0.32818
52,Paraguay,2015,5.877999999999999,53,0.75985,0.66098,0.53899
53,Kazakhstan,2015,5.855,54,1.1225399999999999,0.64368,0.51649
54,Slovenia,2015,5.848,55,1.18498,0.8733700000000001,0.60855
55,Lithuania,2015,5.832999999999999,56,1.14723,0.73128,0.21341999999999997
56,Nicaragua,2015,5.827999999999999,57,0.59325,0.7431399999999999,0.55475
57,Peru,2015,5.824,58,0.9001899999999999,0.73017,0.41496000000000005
58,Belarus,2015,5.813,59,1.0319200000000002,0.7360800000000001,0.37938
59,Poland,2015,5.791,60,1.12555,0.77903,0.53122
60,Malaysia,2015,5.77,61,1.12486,0.7239399999999999,0.5302399999999999
61,Croatia,2015,5.7589999999999995,62,1.08254,0.78805,0.25883
62,Libya,2015,5.754,63,1.13145,0.7038,0.41668
63,Russia,2015,5.716,64,1.13764,0.6692600000000001,0.36679
64,Jamaica,2015,5.709,65,0.81038,0.6874100000000001,0.50442
65,North Cyprus,2015,5.695,66,1.2080600000000001,0.92356,0.49027
66,Cyprus,2015,5.689,67,1.20813,0.92356,0.40671999999999997
67,Algeria,2015,5.605,68,0.93929,0.61766,0.28579
68,Kosovo,2015,5.5889999999999995,69,0.80148,0.63132,0.24749000000000002
69,Turkmenistan,2015,5.547999999999999,70,0.95847,0.53886,0.4761
70,Mauritius,2015,5.477,71,1.0076100000000001,0.7095,0.56066
71,Hong Kong,2015,5.474,72,1.38604,1.01328,0.59608
72,Estonia,2015,5.428999999999999,73,1.15174,0.77361,0.44888
73,Indonesia,2015,5.399,74,0.8282700000000001,0.63793,0.46611
74,Vietnam,2015,5.36,75,0.63216,0.7467600000000001,0.59444
75,Turkey,2015,5.332000000000001,76,1.06098,0.73172,0.22815
76,Kyrgyzstan,2015,5.2860000000000005,77,0.47428000000000003,0.65088,0.43477
77,Nigeria,2015,5.268,78,0.65435,0.16007000000000002,0.34334000000000003
78,Bhutan,2015,5.252999999999999,79,0.77042,0.57407,0.5320600000000001
79,Azerbaijan,2015,5.212000000000001,80,1.02389,0.64045,0.3703
80,Pakistan,2015,5.194,81,0.59543,0.51466,0.12102
81,Jordan,2015,5.192,82,0.9019799999999999,0.69639,0.40660999999999997
82,Montenegro,2015,5.192,82,0.9743799999999999,0.72521,0.1826
83,China,2015,5.14,84,0.89012,0.81658,0.5169699999999999
84,Zambia,2015,5.129,85,0.47038,0.29924,0.48827
85,Romania,2015,5.124,86,1.04345,0.7689,0.35068
86,Serbia,2015,5.122999999999999,87,0.92053,0.74836,0.20107
87,Portugal,2015,5.102,88,1.15991,0.8751899999999999,0.51469
88,Latvia,2015,5.098,89,1.11312,0.72437,0.29671
89,Philippines,2015,5.073,90,0.70532,0.58114,0.62545
90,Somaliland region,2015,5.0569999999999995,91,0.18847,0.43873,0.46581999999999996
91,Morocco,2015,5.013,92,0.7347899999999999,0.60954,0.41691000000000006
92,Macedonia,2015,5.007,93,0.91851,0.73545,0.33457
93,Mozambique,2015,4.971,94,0.08308,0.09131,0.34037
94,Albania,2015,4.959,95,0.8786700000000001,0.81325,0.35733000000000004
95,Bosnia and Herzegovina,2015,4.949,96,0.8322299999999999,0.79081,0.09245
96,Lesotho,2015,4.898,97,0.37545,0.07612000000000001,0.31767
97,Dominican Republic,2015,4.885,98,0.8953700000000001,0.66825,0.57672
98,Laos,2015,4.876,99,0.5906600000000001,0.54909,0.59591
99,Mongolia,2015,4.874,100,0.82819,0.60268,0.43626000000000004
100,Swaziland,2015,4.867,101,0.71206,0.07566,0.30658
101,Greece,2015,4.857,102,1.15406,0.88213,0.07699
102,Lebanon,2015,4.8389999999999995,103,1.0256399999999999,0.83947,0.33916
103,Hungary,2015,4.8,104,1.12094,0.75905,0.32111999999999996
104,Honduras,2015,4.788,105,0.59532,0.6951,0.40148
105,Tajikistan,2015,4.7860000000000005,106,0.39047,0.5737899999999999,0.47216
106,Tunisia,2015,4.739,107,0.88113,0.73793,0.26268
107,Palestinian Territories,2015,4.715,108,0.59867,0.66015,0.24499
108,Bangladesh,2015,4.694,109,0.39753,0.60164,0.4082
109,Iran,2015,4.686,110,1.0088,0.69805,0.30033000000000004
110,Ukraine,2015,4.681,111,0.79907,0.6739,0.25123
111,Iraq,2015,4.677,112,0.98549,0.60237,0.0
112,South Africa,2015,4.6419999999999995,113,0.9204899999999999,0.27688,0.33207
113,Ghana,2015,4.633,114,0.5455800000000001,0.40131999999999995,0.42341999999999996
114,Zimbabwe,2015,4.61,115,0.271,0.33475,0.25861
115,Liberia,2015,4.571000000000001,116,0.0712,0.34201,0.28531
116,India,2015,4.565,117,0.64499,0.5152899999999999,0.39786
117,Sudan,2015,4.55,118,0.52107,0.36878,0.10081
118,Haiti,2015,4.518,119,0.26673,0.38847,0.24425
119,Congo (Kinshasa),2015,4.5169999999999995,120,0.0,0.09806000000000001,0.22605
120,Nepal,2015,4.513999999999999,121,0.35996999999999996,0.5687399999999999,0.38282
121,Ethiopia,2015,4.512,122,0.19072999999999998,0.44055,0.4345
122,Sierra Leone,2015,4.507,123,0.33024000000000003,0.0,0.4084
123,Mauritania,2015,4.436,124,0.45407,0.35874,0.24231999999999998
124,Kenya,2015,4.419,125,0.36471,0.41435,0.42215
125,Djibouti,2015,4.369,126,0.44025,0.36291,0.46074
126,Armenia,2015,4.35,127,0.7682100000000001,0.7299,0.19847
127,Botswana,2015,4.332,128,0.99355,0.047760000000000004,0.49495
128,Myanmar,2015,4.3069999999999995,129,0.27108000000000004,0.48246000000000006,0.44017
129,Georgia,2015,4.297,130,0.7419,0.72926,0.40576999999999996
130,Malawi,2015,4.292,131,0.016040000000000002,0.22562,0.43054
131,Sri Lanka,2015,4.271,132,0.83524,0.70806,0.5372600000000001
132,Cameroon,2015,4.252,133,0.4225,0.23401999999999998,0.49309
133,Bulgaria,2015,4.218,134,1.01216,0.76649,0.30587
134,Egypt,2015,4.194,135,0.8818,0.61712,0.17288
135,Yemen,2015,4.077,136,0.5464899999999999,0.40064,0.35570999999999997
136,Angola,2015,4.033,137,0.75778,0.16683,0.10384000000000002
137,Mali,2015,3.995,138,0.26074,0.20583,0.38856999999999997
138,Congo (Brazzaville),2015,3.989,139,0.67866,0.31051,0.41466000000000003
139,Comoros,2015,3.9560000000000004,140,0.23906,0.36315,0.22916999999999998
140,Uganda,2015,3.931,141,0.21101999999999999,0.33860999999999997,0.45726999999999995
141,Senegal,2015,3.904,142,0.36498,0.4354,0.36772
142,Gabon,2015,3.8960000000000004,143,1.06024,0.43372,0.31914000000000003
143,Niger,2015,3.845,144,0.0694,0.29707,0.47691999999999996
144,Cambodia,2015,3.819,145,0.46038,0.61114,0.66246
145,Tanzania,2015,3.781,146,0.2852,0.38215,0.32878
146,Madagascar,2015,3.681,147,0.20824,0.46721,0.19184
147,Central African Republic,2015,3.678,148,0.0785,0.06699,0.48878999999999995
148,Chad,2015,3.667,149,0.34193,0.1501,0.23501
149,Guinea,2015,3.656,150,0.17417,0.24009,0.37725
150,Ivory Coast,2015,3.655,151,0.46534,0.15185,0.46866
151,Burkina Faso,2015,3.5869999999999997,152,0.25811999999999996,0.27125,0.39493
152,Afghanistan,2015,3.575,153,0.31982,0.30335,0.23414000000000001
153,Rwanda,2015,3.465,154,0.22208000000000003,0.42863999999999997,0.59201
154,Benin,2015,3.34,155,0.28665,0.3191,0.4845
155,Syria,2015,3.0060000000000002,156,0.6632,0.7219300000000001,0.15684
156,Burundi,2015,2.905,157,0.0153,0.22396,0.1185
157,Togo,2015,2.839,158,0.20868,0.28443,0.36453
158,Denmark,2016,7.526,1,1.4417799999999998,0.79504,0.5794100000000001
159,Switzerland,2016,7.5089999999999995,2,1.5273299999999999,0.86303,0.58557
160,Iceland,2016,7.501,3,1.42666,0.8673299999999999,0.56624
161,Norway,2016,7.497999999999999,4,1.57744,0.79579,0.59609
162,Finland,2016,7.412999999999999,5,1.40598,0.81091,0.57104
163,Canada,2016,7.404,6,1.44015,0.8276,0.5737
164,Netherlands,2016,7.3389999999999995,7,1.46468,0.8123100000000001,0.55211
165,New Zealand,2016,7.334,8,1.36066,0.83096,0.5814699999999999
166,Australia,2016,7.313,9,1.4444299999999999,0.8512,0.5683699999999999
167,Sweden,2016,7.291,10,1.45181,0.83121,0.58218
168,Israel,2016,7.267,11,1.33766,0.8491700000000001,0.36432
169,Austria,2016,7.119,12,1.45038,0.80565,0.54355
170,United States,2016,7.104,13,1.50796,0.779,0.48163
171,Costa Rica,2016,7.087000000000001,14,1.06879,0.76146,0.55225
172,Puerto Rico,2016,7.039,15,1.35943,0.77758,0.46823000000000004
173,Germany,2016,6.994,16,1.44787,0.81487,0.53466
174,Brazil,2016,6.952000000000001,17,1.08754,0.61415,0.40425
175,Belgium,2016,6.928999999999999,18,1.42539,0.8195899999999999,0.51354
176,Ireland,2016,6.907,19,1.4834100000000001,0.81455,0.54008
177,Luxembourg,2016,6.871,20,1.6975200000000001,0.8454200000000001,0.5487
178,Mexico,2016,6.778,21,1.1150799999999998,0.71143,0.37709000000000004
179,Singapore,2016,6.739,22,1.64555,0.94719,0.4877
180,United Kingdom,2016,6.725,23,1.40283,0.80991,0.50036
181,Chile,2016,6.705,24,1.2167,0.8188300000000001,0.37789
182,Panama,2016,6.7010000000000005,25,1.18306,0.70835,0.48927
183,Argentina,2016,6.65,26,1.15137,0.69711,0.42283999999999994
184,Czech Republic,2016,6.596,27,1.30915,0.76376,0.41418
185,United Arab Emirates,2016,6.5729999999999995,28,1.57352,0.72993,0.56215
186,Uruguay,2016,6.545,29,1.18157,0.72183,0.54388
187,Malta,2016,6.4879999999999995,30,1.30782,0.80315,0.54994
188,Colombia,2016,6.481,31,1.0303200000000001,0.59659,0.44735
189,France,2016,6.478,32,1.39488,0.83795,0.46562
190,Thailand,2016,6.474,33,1.0893,0.64915,0.49553
191,Saudi Arabia,2016,6.379,34,1.48953,0.59267,0.37904
192,Taiwan,2016,6.379,34,1.39729,0.79565,0.32377
193,Qatar,2016,6.375,36,1.82427,0.71723,0.56679
194,Spain,2016,6.361000000000001,37,1.34253,0.8789600000000001,0.37545
195,Algeria,2016,6.355,38,1.05266,0.6180399999999999,0.21006
196,Guatemala,2016,6.324,39,0.83454,0.5403899999999999,0.50379
197,Suriname,2016,6.269,40,1.09686,0.5093300000000001,0.5223399999999999
198,Kuwait,2016,6.239,41,1.61714,0.63569,0.43166000000000004
199,Bahrain,2016,6.218,42,1.44024,0.65696,0.47375
200,Trinidad and Tobago,2016,6.167999999999999,43,1.32572,0.52608,0.48453
201,Venezuela,2016,6.084,44,1.1336700000000002,0.6190399999999999,0.19847
202,Slovakia,2016,6.077999999999999,45,1.27973,0.70367,0.23390999999999998
203,El Salvador,2016,6.068,46,0.8737,0.596,0.37269
204,Malaysia,2016,6.005,47,1.25142,0.62366,0.39031
205,Nicaragua,2016,5.992000000000001,48,0.69384,0.65213,0.46581999999999996
206,Uzbekistan,2016,5.987,49,0.7359100000000001,0.50163,0.60848
207,Italy,2016,5.977,50,1.35495,0.8510200000000001,0.18827
208,Ecuador,2016,5.976,51,0.97306,0.68613,0.4027
209,Belize,2016,5.956,52,0.87616,0.45569,0.51231
210,Japan,2016,5.921,53,1.3800700000000001,0.91491,0.46761
211,Kazakhstan,2016,5.919,54,1.22943,0.57386,0.4052
212,Moldova,2016,5.897,55,0.69177,0.5230899999999999,0.25201999999999997
213,Russia,2016,5.856,56,1.2322799999999998,0.58991,0.32682
214,Poland,2016,5.835,57,1.24585,0.69058,0.4519
215,South Korea,2016,5.835,57,1.35948,0.88645,0.25168
216,Bolivia,2016,5.822,59,0.79422,0.4697,0.50961
217,Lithuania,2016,5.813,60,1.2692,0.64674,0.18929
218,Belarus,2016,5.8020000000000005,61,1.1306200000000002,0.6310399999999999,0.29091
219,North Cyprus,2016,5.771,62,1.31141,0.8414200000000001,0.43596
220,Slovenia,2016,5.768,63,1.2994700000000001,0.79151,0.53164
221,Peru,2016,5.742999999999999,64,0.9960200000000001,0.6299399999999999,0.37501999999999996
222,Turkmenistan,2016,5.6579999999999995,65,1.08017,0.44006000000000006,0.37408
223,Mauritius,2016,5.648,66,1.14372,0.66189,0.46145
224,Libya,2016,5.615,67,1.0668799999999998,0.52304,0.40671999999999997
225,Latvia,2016,5.56,68,1.2178799999999999,0.63952,0.27996
226,Cyprus,2016,5.546,69,1.31857,0.8488,0.29507
227,Paraguay,2016,5.537999999999999,70,0.8937299999999999,0.58295,0.46235
228,Romania,2016,5.528,71,1.1697,0.67602,0.36712
229,Estonia,2016,5.517,72,1.2796399999999999,0.68098,0.41511000000000003
230,Jamaica,2016,5.51,73,0.89333,0.5946899999999999,0.43596999999999997
231,Croatia,2016,5.4879999999999995,74,1.18649,0.70524,0.23906999999999998
232,Hong Kong,2016,5.457999999999999,75,1.5107,0.9527700000000001,0.48078999999999994
233,Somalia,2016,5.44,76,0.0,0.11465999999999998,0.5677800000000001
234,Kosovo,2016,5.401,77,0.90145,0.54,0.14396
235,Turkey,2016,5.388999999999999,78,1.1649200000000002,0.64718,0.23889000000000002
236,Indonesia,2016,5.314,79,0.95104,0.49373999999999996,0.39237
237,Jordan,2016,5.303,80,0.9967299999999999,0.60712,0.36023
238,Azerbaijan,2016,5.291,81,1.12373,0.54504,0.35327
239,Philippines,2016,5.279,82,0.81217,0.47036000000000006,0.5485399999999999
240,China,2016,5.245,83,1.0278,0.73561,0.44011999999999996
241,Bhutan,2016,5.196000000000001,84,0.8527,0.49759,0.46074
242,Kyrgyzstan,2016,5.185,85,0.5604399999999999,0.5544899999999999,0.40212
243,Serbia,2016,5.1770000000000005,86,1.03437,0.6458,0.15718
244,Bosnia and Herzegovina,2016,5.162999999999999,87,0.9338299999999999,0.7076600000000001,0.09511
245,Montenegro,2016,5.1610000000000005,88,1.07838,0.6353300000000001,0.15111
246,Dominican Republic,2016,5.155,89,1.02787,0.5766899999999999,0.52259
247,Morocco,2016,5.151,90,0.8405799999999999,0.5947100000000001,0.25645999999999997
248,Hungary,2016,5.145,91,1.24142,0.67608,0.1977
249,Pakistan,2016,5.132000000000001,92,0.68816,0.40306,0.14622000000000002
250,Lebanon,2016,5.129,93,1.12268,0.76171,0.26228
251,Portugal,2016,5.122999999999999,94,1.27607,0.7936300000000001,0.44727
252,Macedonia,2016,5.121,95,1.0193,0.6473800000000001,0.27668000000000004
253,Vietnam,2016,5.061,96,0.74037,0.66157,0.5595399999999999
254,Somaliland Region,2016,5.0569999999999995,97,0.25558000000000003,0.33108000000000004,0.3913
255,Tunisia,2016,5.045,98,0.97724,0.59577,0.23553000000000002
256,Greece,2016,5.033,99,1.24886,0.80029,0.05822000000000001
257,Tajikistan,2016,4.996,100,0.48835,0.5311899999999999,0.43408
258,Mongolia,2016,4.907,101,0.9885299999999999,0.55469,0.35972
259,Laos,2016,4.876,102,0.68042,0.38291,0.52168
260,Nigeria,2016,4.875,103,0.75216,0.05108,0.27854
261,Honduras,2016,4.871,104,0.69429,0.5838300000000001,0.26755
262,Iran,2016,4.813,105,1.11758,0.64232,0.22544
263,Zambia,2016,4.795,106,0.61202,0.23573000000000002,0.42662
264,Nepal,2016,4.793,107,0.44626000000000005,0.50073,0.37012
265,Palestinian Territories,2016,4.754,108,0.67024,0.56844,0.17744000000000001
266,Albania,2016,4.655,109,0.9553,0.73007,0.31866
267,Bangladesh,2016,4.643,110,0.54177,0.52989,0.39778
268,Sierra Leone,2016,4.635,111,0.36485,0.0,0.30685
269,Iraq,2016,4.575,112,1.07474,0.51076,0.24856
270,Namibia,2016,4.574,113,0.9328700000000001,0.34745,0.48613999999999996
271,Cameroon,2016,4.513,114,0.5249699999999999,0.12697999999999998,0.42736
272,Ethiopia,2016,4.508,115,0.29283000000000003,0.34578000000000003,0.36703
273,South Africa,2016,4.459,116,1.02416,0.18611,0.42483000000000004
274,Sri Lanka,2016,4.415,117,0.9731799999999999,0.62007,0.50817
275,India,2016,4.404,118,0.74036,0.45091000000000003,0.40285
276,Myanmar,2016,4.395,119,0.34112,0.3988,0.42691999999999997
277,Egypt,2016,4.362,120,0.95395,0.5211600000000001,0.18847
278,Armenia,2016,4.36,121,0.8608600000000001,0.64083,0.14037
279,Kenya,2016,4.356,122,0.52267,0.30146999999999996,0.40576
280,Ukraine,2016,4.324,123,0.87287,0.58628,0.12859
281,Ghana,2016,4.276,124,0.63107,0.29681,0.40973000000000004
282,Congo (Kinshasa),2016,4.272,125,0.05661,0.188,0.15602
283,Georgia,2016,4.252,126,0.8379200000000001,0.64035,0.32461
284,Congo (Brazzaville),2016,4.236000000000001,127,0.7710899999999999,0.28212,0.37938
285,Senegal,2016,4.218999999999999,128,0.44314,0.40457,0.31056
286,Bulgaria,2016,4.217,129,1.11306,0.67806,0.21219000000000002
287,Mauritania,2016,4.2010000000000005,130,0.6139100000000001,0.28639000000000003,0.1268
288,Zimbabwe,2016,4.1930000000000005,131,0.35041,0.1595,0.25429
289,Malawi,2016,4.156000000000001,132,0.08709,0.29364,0.4143
290,Sudan,2016,4.138999999999999,133,0.63069,0.29759,0.0
291,Gabon,2016,4.121,134,1.15851,0.3494,0.28098
292,Mali,2016,4.073,135,0.31292,0.16347,0.27544
293,Haiti,2016,4.0280000000000005,136,0.34097,0.27494,0.12072000000000001
294,Botswana,2016,3.9739999999999998,137,1.09426,0.34752,0.44088999999999995
295,Comoros,2016,3.9560000000000004,138,0.27509,0.29980999999999997,0.15412
296,Ivory Coast,2016,3.9160000000000004,139,0.55507,0.04476,0.40663
297,Cambodia,2016,3.907,140,0.55604,0.42494,0.5885199999999999
298,Angola,2016,3.866,141,0.84731,0.04991,0.00589
299,Niger,2016,3.8560000000000003,142,0.1327,0.26161999999999996,0.38040999999999997
300,South Sudan,2016,3.832,143,0.39394,0.15780999999999998,0.19662000000000002
301,Chad,2016,3.763,144,0.42213999999999996,0.038239999999999996,0.12807000000000002
302,Burkina Faso,2016,3.739,145,0.31995,0.21297,0.3337
303,Uganda,2016,3.739,145,0.34719,0.19625,0.43653000000000003
304,Yemen,2016,3.7239999999999998,147,0.57939,0.31048000000000003,0.2287
305,Madagascar,2016,3.695,148,0.27954,0.37109000000000003,0.13684000000000002
306,Tanzania,2016,3.6660000000000004,149,0.47155,0.35700000000000004,0.3176
307,Liberia,2016,3.622,150,0.10705999999999999,0.23165,0.25748000000000004
308,Guinea,2016,3.6069999999999998,151,0.22415,0.18829,0.30953
309,Rwanda,2016,3.515,152,0.32846,0.31865,0.5432
310,Benin,2016,3.484,153,0.39499,0.21028000000000002,0.39747
311,Afghanistan,2016,3.36,154,0.38227,0.17344,0.1643
312,Togo,2016,3.303,155,0.28123000000000004,0.24811,0.34678000000000003
313,Syria,2016,3.069,156,0.7471899999999999,0.6299399999999999,0.06912
314,Burundi,2016,2.905,157,0.06831,0.15747,0.0432
315,Norway,2017,7.537000179290769,1,1.6164631843566901,0.796666502952576,0.635422587394714
316,Denmark,2017,7.52199983596802,2,1.48238301277161,0.7925655245780941,0.626006722450256
317,Iceland,2017,7.50400018692017,3,1.480633020401,0.8335521221160892,0.6271626353263849
318,Switzerland,2017,7.49399995803833,4,1.5649795532226598,0.858131289482117,0.620070576667786
319,Finland,2017,7.468999862670901,5,1.44357192516327,0.80915766954422,0.6179508566856379
320,Netherlands,2017,7.3769998550415,6,1.50394463539124,0.8106961250305179,0.5853844881057739
321,Canada,2017,7.31599998474121,7,1.47920441627502,0.83455765247345,0.611100912094116
322,New Zealand,2017,7.31400012969971,8,1.40570604801178,0.816759705543518,0.6140621304512021
323,Sweden,2017,7.28399991989136,9,1.49438726902008,0.830875158309937,0.612924098968506
324,Australia,2017,7.28399991989136,10,1.4844149351120002,0.84388679265976,0.601607382297516
325,Israel,2017,7.212999820709231,11,1.3753824234008798,0.83840399980545,0.40598860383033797
326,Costa Rica,2017,7.0789999961853,12,1.10970628261566,0.7595092654228209,0.580131649971008
327,Austria,2017,7.00600004196167,13,1.4870972633361799,0.8153284192085269,0.567766189575195
328,United States,2017,6.993000030517581,14,1.54625928401947,0.7742866277694699,0.505740523338318
329,Ireland,2017,6.9770002365112305,15,1.5357066392898602,0.8097826242446899,0.5731103420257571
330,Germany,2017,6.9510002136230495,16,1.48792338371277,0.798950731754303,0.562511384487152
331,Belgium,2017,6.89099979400635,17,1.4637807607650801,0.8180918693542479,0.5397707223892211
332,Luxembourg,2017,6.86299991607666,18,1.74194359779358,0.845089495182037,0.59662789106369
333,United Kingdom,2017,6.71400022506714,19,1.44163393974304,0.805335938930511,0.508190035820007
334,Chile,2017,6.65199995040894,20,1.25278460979462,0.8194797039031979,0.376895278692245
335,United Arab Emirates,2017,6.6479997634887695,21,1.6263433694839498,0.726798236370087,0.60834527015686
336,Brazil,2017,6.6350002288818395,22,1.1073532104492199,0.6165523529052729,0.437453746795654
337,Czech Republic,2017,6.60900020599365,23,1.35268235206604,0.754444003105164,0.49094617366790794
338,Argentina,2017,6.59899997711182,24,1.18529546260834,0.695137083530426,0.49451920390129106
339,Mexico,2017,6.57800006866455,25,1.1531838178634601,0.709978997707367,0.412730008363724
340,Singapore,2017,6.57200002670288,26,1.69227766990662,0.9494923949241642,0.549840569496155
341,Malta,2017,6.52699995040894,27,1.34327983856201,0.821944236755371,0.588767051696777
342,Uruguay,2017,6.4539999961853,28,1.2175596952438401,0.719216823577881,0.5793922543525699
343,Guatemala,2017,6.4539999961853,29,0.872001945972443,0.540239989757538,0.5313106179237371
344,Panama,2017,6.4520001411438,30,1.23374843597412,0.706156134605408,0.550026834011078
345,France,2017,6.44199991226196,31,1.43092346191406,0.8444658517837521,0.470222115516663
346,Thailand,2017,6.4239997863769505,32,1.12786877155304,0.647239029407501,0.580200731754303
347,Taiwan Province of China,2017,6.42199993133545,33,1.4336265325546298,0.793984234333038,0.361466586589813
348,Spain,2017,6.40299987792969,34,1.38439786434174,0.888960599899292,0.408781230449677
349,Qatar,2017,6.375,35,1.8707656860351598,0.7100980877876278,0.604130983352661
350,Colombia,2017,6.35699987411499,36,1.07062232494354,0.595027923583984,0.47748741507530196
351,Saudi Arabia,2017,6.343999862670901,37,1.53062355518341,0.590148329734802,0.449750572443008
352,Trinidad and Tobago,2017,6.1680002212524405,38,1.36135590076447,0.5199832916259771,0.518630743026733
353,Kuwait,2017,6.10500001907349,39,1.63295245170593,0.6321057081222529,0.49633759260177596
354,Slovakia,2017,6.09800004959106,40,1.32539355754852,0.712732911109924,0.295817464590073
355,Bahrain,2017,6.08699989318848,41,1.4884122610092199,0.653133034706116,0.536746919155121
356,Malaysia,2017,6.08400011062622,42,1.29121541976929,0.618784427642822,0.40226498246192893
357,Nicaragua,2017,6.07100009918213,43,0.737299203872681,0.6530959606170649,0.447551846504211
358,Ecuador,2017,6.00799989700317,44,1.00082039833069,0.685636222362518,0.4551981985569
359,El Salvador,2017,6.002999782562259,45,0.9097844958305359,0.596018552780151,0.432452529668808
360,Poland,2017,5.97300004959106,46,1.29178786277771,0.699475347995758,0.520342111587524
361,Uzbekistan,2017,5.97100019454956,47,0.786441087722778,0.498272627592087,0.6582486629486078
362,Italy,2017,5.96400022506714,48,1.3950666189193701,0.8531443476676941,0.256450712680817
363,Russia,2017,5.962999820709231,49,1.28177809715271,0.547349333763123,0.373783111572266
364,Belize,2017,5.955999851226809,50,0.907975316047668,0.45019176602363603,0.5475093722343439
365,Japan,2017,5.92000007629395,51,1.41691517829895,0.9134758710861209,0.505625545978546
366,Lithuania,2017,5.90199995040894,52,1.3145823478698702,0.62894994020462,0.234231784939766
367,Algeria,2017,5.872000217437741,53,1.09186446666718,0.6175846457481379,0.233335807919502
368,Latvia,2017,5.849999904632571,54,1.26074862480164,0.638566970825195,0.32570791244506797
369,South Korea,2017,5.837999820709231,55,1.40167844295502,0.900214076042175,0.257921665906906
370,Moldova,2017,5.837999820709231,56,0.7288706302642819,0.5894652009010309,0.24072904884815197
371,Romania,2017,5.824999809265139,57,1.21768391132355,0.6851583123207089,0.457003742456436
372,Bolivia,2017,5.82299995422363,58,0.833756566047668,0.47363024950027505,0.5587329268455511
373,Turkmenistan,2017,5.82200002670288,59,1.1307767629623402,0.437726080417633,0.41827192902565
374,Kazakhstan,2017,5.8189997673034695,60,1.2845562696456898,0.6060415506362921,0.43745428323745705
375,North Cyprus,2017,5.80999994277954,61,1.3469113111496,0.834647238254547,0.47120362520217896
376,Slovenia,2017,5.75799989700317,62,1.3412059545516999,0.7908282279968258,0.572575807571411
377,Peru,2017,5.71500015258789,63,1.0352252721786501,0.6301661133766171,0.45000287890434293
378,Mauritius,2017,5.62900018692017,64,1.1893955469131499,0.6380074620246889,0.491247326135635
379,Cyprus,2017,5.62099981307983,65,1.3559380769729599,0.84471470117569,0.35511153936386103
380,Estonia,2017,5.61100006103516,66,1.3208793401718102,0.695168316364288,0.479131430387497
381,Belarus,2017,5.5689997673034695,67,1.15655755996704,0.6377142667770389,0.295400261878967
382,Libya,2017,5.525000095367429,68,1.1018030643463101,0.520169019699097,0.465733230113983
383,Turkey,2017,5.5,69,1.1982743740081798,0.6376056075096129,0.300740599632263
384,Paraguay,2017,5.493000030517581,70,0.932537317276001,0.579250693321228,0.473507791757584
385,"Hong Kong S.A.R., China",2017,5.47200012207031,71,1.55167484283447,0.943062424659729,0.490968644618988
386,Philippines,2017,5.42999982833862,72,0.85769921541214,0.46800905466079706,0.585214674472809
387,Serbia,2017,5.39499998092651,73,1.06931757926941,0.65078467130661,0.20871552824974102
388,Jordan,2017,5.33599996566772,74,0.9910123944282528,0.6045900583267211,0.418421149253845
389,Hungary,2017,5.32399988174438,75,1.2860119342803997,0.6877634525299069,0.17586351931095098
390,Jamaica,2017,5.31099987030029,76,0.925579309463501,0.6410223841667181,0.474307239055634
391,Croatia,2017,5.2930002212524405,77,1.22255623340607,0.701288521289825,0.255772292613983
392,Kosovo,2017,5.27899980545044,78,0.951484382152557,0.541452050209045,0.260287940502167
393,China,2017,5.2729997634887695,79,1.08116579055786,0.741415500640869,0.47278770804405196
394,Pakistan,2017,5.26900005340576,80,0.7268835306167599,0.40204778313636796,0.23521526157856
395,Indonesia,2017,5.26200008392334,81,0.995538592338562,0.49234572052955605,0.443323463201523
396,Venezuela,2017,5.25,82,1.12843120098114,0.617144227027893,0.15399712324142498
397,Montenegro,2017,5.23699998855591,83,1.12112903594971,0.6674646735191351,0.194989055395126
398,Morocco,2017,5.2350001335144,84,0.8781145811080929,0.59771066904068,0.408158332109451
399,Azerbaijan,2017,5.234000205993651,85,1.1536017656326298,0.5407757759094239,0.39815583825111406
400,Dominican Republic,2017,5.230000019073491,86,1.07937383651733,0.574873745441437,0.55258983373642
401,Greece,2017,5.2270002365112305,87,1.28948748111725,0.8101989030838009,0.0957312509417534
402,Lebanon,2017,5.22499990463257,88,1.07498753070831,0.7350810766220089,0.28851598501205394
403,Portugal,2017,5.19500017166138,89,1.3151752948761002,0.795843541622162,0.498465299606323
404,Bosnia and Herzegovina,2017,5.18200016021729,90,0.982409417629242,0.705186307430267,0.204403176903725
405,Honduras,2017,5.1810002326965305,91,0.730573117733002,0.582569479942322,0.348079860210419
406,Macedonia,2017,5.175000190734861,92,1.06457793712616,0.644948184490204,0.325905978679657
407,Somalia,2017,5.151000022888179,93,0.0226431842893362,0.11398913711309401,0.602126955986023
408,Vietnam,2017,5.07399988174438,94,0.7885475754737851,0.6521689891815191,0.571055591106415
409,Nigeria,2017,5.07399988174438,95,0.783756256103516,0.0569157302379608,0.394952565431595
410,Tajikistan,2017,5.04099988937378,96,0.524713635444641,0.5292351245880129,0.47156670689582797
411,Bhutan,2017,5.01100015640259,97,0.885416388511658,0.495879292488098,0.5015376806259161
412,Kyrgyzstan,2017,5.0040001869201705,98,0.5962200760841371,0.553457796573639,0.454943388700485
413,Nepal,2017,4.961999893188481,99,0.479820191860199,0.504130780696869,0.44030594825744607
414,Mongolia,2017,4.95499992370605,100,1.0272358655929599,0.557783484458923,0.39414396882057207
415,South Africa,2017,4.8289999961853,101,1.05469870567322,0.18708007037639604,0.479246735572815
416,Tunisia,2017,4.80499982833862,102,1.00726580619812,0.613212049007416,0.289680689573288
417,Palestinian Territories,2017,4.77500009536743,103,0.716249227523804,0.565666973590851,0.25471106171608
418,Egypt,2017,4.7350001335144,104,0.989701807498932,0.520187258720398,0.28211015462875394
419,Bulgaria,2017,4.71400022506714,105,1.1614590883255,0.708217680454254,0.28923171758651695
420,Sierra Leone,2017,4.70900011062622,106,0.36842092871666,0.005564753897488121,0.318697690963745
421,Cameroon,2017,4.69500017166138,107,0.564305365085602,0.132892116904259,0.430388748645782
422,Iran,2017,4.69199991226196,108,1.15687310695648,0.639333188533783,0.24932260811328896
423,Albania,2017,4.64400005340576,109,0.996192753314972,0.731159746646881,0.381498634815216
424,Bangladesh,2017,4.60799980163574,110,0.586682975292206,0.533241033554077,0.478356659412384
425,Namibia,2017,4.57399988174438,111,0.964434325695038,0.33861181139946,0.520303547382355
426,Kenya,2017,4.55299997329712,112,0.560479462146759,0.30998834967613204,0.45276376605033897
427,Mozambique,2017,4.550000190734861,113,0.23430564999580397,0.10665443539619399,0.48079109191894503
428,Myanmar,2017,4.54500007629395,114,0.36711055040359497,0.397522568702698,0.514492034912109
429,Senegal,2017,4.53499984741211,115,0.479309022426605,0.409362852573395,0.37792226672172496
430,Zambia,2017,4.513999938964839,116,0.6364067792892459,0.25783589482307395,0.461603492498398
431,Iraq,2017,4.49700021743774,117,1.1027104854583702,0.501180469989777,0.288555532693863
432,Gabon,2017,4.46500015258789,118,1.1982102394104,0.35657858848571794,0.31232857704162603
433,Ethiopia,2017,4.46000003814697,119,0.339233845472336,0.35340970754623396,0.408842742443085
434,Sri Lanka,2017,4.44000005722046,120,1.00985014438629,0.625130832195282,0.561213254928589
435,Armenia,2017,4.37599992752075,121,0.900596737861633,0.637524425983429,0.198303267359734
436,India,2017,4.31500005722046,122,0.7922212481498722,0.455427616834641,0.469987004995346
437,Mauritania,2017,4.29199981689453,123,0.6484572887420649,0.285349279642105,0.0960980430245399
438,Congo (Brazzaville),2017,4.29099988937378,124,0.8089642524719242,0.28995743393898,0.4350258708000179
439,Georgia,2017,4.28599977493286,125,0.950612664222717,0.649546980857849,0.309410035610199
440,Congo (Kinshasa),2017,4.2800002098083505,126,0.0921023488044739,0.191407024860382,0.235961347818375
441,Mali,2017,4.19000005722046,127,0.476180493831635,0.16936567425727803,0.306613743305206
442,Ivory Coast,2017,4.17999982833862,128,0.6030489206314089,0.0486421696841717,0.4477061927318571
443,Cambodia,2017,4.1680002212524405,129,0.6017650961875921,0.429783403873444,0.633375823497772
444,Sudan,2017,4.138999938964839,130,0.6595166921615601,0.290920823812485,0.0149958552792668
445,Ghana,2017,4.11999988555908,131,0.667224824428558,0.29563772678375205,0.423026293516159
446,Ukraine,2017,4.09600019454956,132,0.89465194940567,0.575903952121735,0.12297477573156401
447,Uganda,2017,4.08099985122681,133,0.381430715322495,0.21763260662555703,0.443185955286026
448,Burkina Faso,2017,4.03200006484985,134,0.35022771358490007,0.21584425866603896,0.32436785101890603
449,Niger,2017,4.02799987792969,135,0.16192533075809498,0.26850500702858,0.36365869641304
450,Malawi,2017,3.97000002861023,136,0.233442038297653,0.315089583396912,0.466914653778076
451,Chad,2017,3.9360001087188703,137,0.43801298737525896,0.0411347150802612,0.16234202682972002
452,Zimbabwe,2017,3.875,138,0.37584653496742204,0.19676375389099102,0.336384207010269
453,Lesotho,2017,3.80800008773804,139,0.521021246910095,0.0,0.390661299228668
454,Angola,2017,3.79500007629395,140,0.8584281802177429,0.0498686656355858,0.0
455,Afghanistan,2017,3.7939999103546103,141,0.401477217674255,0.18074677884578697,0.106179520487785
456,Botswana,2017,3.7660000324249303,142,1.12209415435791,0.34175550937652605,0.505196332931519
457,Benin,2017,3.65700006484985,143,0.43108540773391707,0.20993021130561804,0.42596277594566295
458,Madagascar,2017,3.64400005340576,144,0.305808693170547,0.375223308801651,0.18919676542282102
459,Haiti,2017,3.6029999256133998,145,0.368610262870789,0.277321130037308,0.0303698573261499
460,Yemen,2017,3.59299993515015,146,0.5916834473609921,0.310080915689468,0.24946372210979503
461,South Sudan,2017,3.5910000801086404,147,0.39724862575531,0.163486003875732,0.147062435746193
462,Liberia,2017,3.5329999923706095,148,0.11904179304838199,0.229918196797371,0.33288118243217496
463,Guinea,2017,3.50699996948242,149,0.24454993009567302,0.194129139184952,0.348587512969971
464,Togo,2017,3.4949998855590803,150,0.30544471740722695,0.247105568647385,0.38042613863945
465,Rwanda,2017,3.47099995613098,151,0.368745893239975,0.326424807310104,0.5818438529968261
466,Syria,2017,3.46199989318848,152,0.777153134346008,0.5005333423614501,0.0815394446253777
467,Tanzania,2017,3.34899997711182,153,0.511135876178741,0.364509284496307,0.390017777681351
468,Burundi,2017,2.90499997138977,154,0.09162256866693501,0.151610791683197,0.0599007532000542
469,Central African Republic,2017,2.69300007820129,155,0.0,0.0187726859003305,0.270842045545578
470,Finland,2018,7.632000000000001,1,1.305,0.8740000000000001,0.6809999999999999
471,Norway,2018,7.593999999999999,2,1.456,0.861,0.6859999999999999
472,Denmark,2018,7.555,3,1.351,0.868,0.6829999999999999
473,Iceland,2018,7.495,4,1.3430000000000002,0.914,0.677
474,Switzerland,2018,7.487,5,1.42,0.927,0.66
475,Netherlands,2018,7.441,6,1.361,0.878,0.638
476,Canada,2018,7.327999999999999,7,1.33,0.8959999999999999,0.653
477,New Zealand,2018,7.324,8,1.268,0.8759999999999999,0.669
478,Sweden,2018,7.314,9,1.355,0.9129999999999999,0.659
479,Australia,2018,7.272,10,1.34,0.91,0.647
480,United Kingdom,2018,7.19,11,1.244,0.888,0.46399999999999997
481,Austria,2018,7.138999999999999,12,1.341,0.8909999999999999,0.617
482,Costa Rica,2018,7.072,13,1.01,0.8170000000000001,0.632
483,Ireland,2018,6.977,14,1.4480000000000002,0.8759999999999999,0.614
484,Germany,2018,6.965,15,1.34,0.861,0.586
485,Belgium,2018,6.9270000000000005,16,1.324,0.894,0.583
486,Luxembourg,2018,6.91,17,1.5759999999999998,0.8959999999999999,0.632
487,United States,2018,6.886,18,1.3980000000000001,0.8190000000000001,0.547
488,Israel,2018,6.814,19,1.301,0.883,0.5329999999999999
489,United Arab Emirates,2018,6.774,20,2.096,0.67,0.284
490,Czech Republic,2018,6.711,21,1.2329999999999999,0.8540000000000001,0.5429999999999999
491,Malta,2018,6.627000000000001,22,1.27,0.884,0.645
492,France,2018,6.489,23,1.2930000000000001,0.9079999999999999,0.52
493,Mexico,2018,6.4879999999999995,24,1.038,0.7609999999999999,0.479
494,Chile,2018,6.476,25,1.131,0.8079999999999999,0.431
495,Taiwan,2018,6.441,26,1.365,0.857,0.418
496,Panama,2018,6.43,27,1.112,0.759,0.597
497,Brazil,2018,6.419,28,0.986,0.675,0.493
498,Argentina,2018,6.388,29,1.073,0.7440000000000001,0.57
499,Guatemala,2018,6.382000000000001,30,0.7809999999999999,0.608,0.604
500,Uruguay,2018,6.379,31,1.093,0.7709999999999999,0.625
501,Qatar,2018,6.374,32,1.649,0.748,0.654
502,Saudi Arabia,2018,6.371,33,1.379,0.633,0.509
503,Singapore,2018,6.343,34,1.5290000000000001,1.008,0.631
504,Malaysia,2018,6.322,35,1.161,0.669,0.35600000000000004
505,Spain,2018,6.31,36,1.251,0.965,0.449
506,Colombia,2018,6.26,37,0.96,0.635,0.531
507,Trinidad & Tobago,2018,6.192,38,1.2229999999999999,0.564,0.575
508,Slovakia,2018,6.172999999999999,39,1.21,0.7759999999999999,0.354
509,El Salvador,2018,6.167000000000001,40,0.8059999999999999,0.639,0.461
510,Nicaragua,2018,6.141,41,0.6679999999999999,0.7,0.527
511,Poland,2018,6.122999999999999,42,1.176,0.7809999999999999,0.546
512,Bahrain,2018,6.105,43,1.338,0.698,0.594
513,Uzbekistan,2018,6.096,44,0.7190000000000001,0.605,0.7240000000000001
514,Kuwait,2018,6.082999999999999,45,1.474,0.675,0.5539999999999999
515,Thailand,2018,6.072,46,1.016,0.7070000000000001,0.637
516,Italy,2018,6.0,47,1.264,0.946,0.281
517,Ecuador,2018,5.973,48,0.889,0.736,0.556
518,Belize,2018,5.956,49,0.807,0.474,0.593
519,Lithuania,2018,5.952000000000001,50,1.197,0.716,0.35
520,Slovenia,2018,5.9479999999999995,51,1.219,0.856,0.633
521,Romania,2018,5.945,52,1.1159999999999999,0.726,0.528
522,Latvia,2018,5.933,53,1.148,0.6709999999999999,0.363
523,Japan,2018,5.915,54,1.294,0.988,0.5529999999999999
524,Mauritius,2018,5.891,55,1.09,0.684,0.584
525,Jamaica,2018,5.89,56,0.8190000000000001,0.693,0.575
526,South Korea,2018,5.875,57,1.266,0.955,0.244
527,Northern Cyprus,2018,5.835,58,1.229,0.909,0.495
528,Russia,2018,5.81,59,1.151,0.599,0.39899999999999997
529,Kazakhstan,2018,5.79,60,1.143,0.631,0.45399999999999996
530,Cyprus,2018,5.7620000000000005,61,1.229,0.909,0.423
531,Bolivia,2018,5.752000000000001,62,0.7509999999999999,0.508,0.606
532,Estonia,2018,5.739,63,1.2,0.737,0.5529999999999999
533,Paraguay,2018,5.681,64,0.835,0.615,0.541
534,Peru,2018,5.662999999999999,65,0.934,0.674,0.53
535,Kosovo,2018,5.662000000000001,66,0.855,0.578,0.44799999999999995
536,Moldova,2018,5.64,67,0.657,0.62,0.23199999999999998
537,Turkmenistan,2018,5.636,68,1.016,0.517,0.41700000000000004
538,Hungary,2018,5.62,69,1.171,0.732,0.259
539,Libya,2018,5.566,70,0.985,0.5529999999999999,0.496
540,Philippines,2018,5.524,71,0.775,0.513,0.643
541,Honduras,2018,5.504,72,0.62,0.622,0.45899999999999996
542,Belarus,2018,5.483,73,1.0390000000000001,0.7,0.307
543,Turkey,2018,5.483,74,1.148,0.6859999999999999,0.324
544,Pakistan,2018,5.472,75,0.652,0.424,0.33399999999999996
545,Hong Kong,2018,5.43,76,1.405,1.03,0.524
546,Portugal,2018,5.41,77,1.188,0.884,0.562
547,Serbia,2018,5.398,78,0.975,0.685,0.28800000000000003
548,Greece,2018,5.358,79,1.1540000000000001,0.879,0.131
549,Lebanon,2018,5.358,80,0.965,0.785,0.503
550,Montenegro,2018,5.347,81,1.0170000000000001,0.7290000000000001,0.259
551,Croatia,2018,5.321000000000001,82,1.115,0.737,0.38
552,Dominican Republic,2018,5.3020000000000005,83,0.982,0.614,0.578
553,Algeria,2018,5.295,84,0.9790000000000001,0.687,0.077
554,Morocco,2018,5.254,85,0.779,0.669,0.46
555,China,2018,5.246,86,0.9890000000000001,0.799,0.597
556,Azerbaijan,2018,5.2010000000000005,87,1.024,0.603,0.43
557,Tajikistan,2018,5.199,88,0.474,0.598,0.292
558,Macedonia,2018,5.185,89,0.9590000000000001,0.691,0.39399999999999996
559,Jordan,2018,5.1610000000000005,90,0.8220000000000001,0.645,0.46799999999999997
560,Nigeria,2018,5.155,91,0.6890000000000001,0.048,0.462
561,Kyrgyzstan,2018,5.131,92,0.53,0.594,0.54
562,Bosnia and Herzegovina,2018,5.129,93,0.915,0.758,0.28
563,Mongolia,2018,5.125,94,0.914,0.575,0.395
564,Vietnam,2018,5.103,95,0.715,0.7020000000000001,0.618
565,Indonesia,2018,5.093,96,0.899,0.522,0.5379999999999999
566,Bhutan,2018,5.082,97,0.7959999999999999,0.527,0.541
567,Somalia,2018,4.982,98,0.0,0.115,0.674
568,Cameroon,2018,4.975,99,0.535,0.182,0.45399999999999996
569,Bulgaria,2018,4.933,100,1.054,0.7120000000000001,0.359
570,Nepal,2018,4.88,101,0.425,0.539,0.526
571,Venezuela,2018,4.806,102,0.996,0.657,0.133
572,Gabon,2018,4.758,103,1.036,0.40399999999999997,0.35600000000000004
573,Palestinian Territories,2018,4.743,104,0.642,0.602,0.266
574,South Africa,2018,4.724,105,0.94,0.33,0.516
575,Iran,2018,4.707,106,1.0590000000000002,0.691,0.45899999999999996
576,Ivory Coast,2018,4.671,107,0.541,0.08,0.467
577,Ghana,2018,4.657,108,0.5920000000000001,0.337,0.499
578,Senegal,2018,4.631,109,0.429,0.433,0.406
579,Laos,2018,4.623,110,0.72,0.441,0.626
580,Tunisia,2018,4.592,111,0.9,0.69,0.271
581,Albania,2018,4.586,112,0.9159999999999999,0.79,0.419
582,Sierra Leone,2018,4.571000000000001,113,0.256,0.0,0.355
583,Congo (Brazzaville),2018,4.559,114,0.682,0.34299999999999997,0.514
584,Bangladesh,2018,4.5,115,0.532,0.579,0.58
585,Sri Lanka,2018,4.471,116,0.9179999999999999,0.672,0.585
586,Iraq,2018,4.456,117,1.01,0.536,0.304
587,Mali,2018,4.447,118,0.37,0.152,0.36700000000000005
588,Namibia,2018,4.441,119,0.8740000000000001,0.365,0.519
589,Cambodia,2018,4.433,120,0.5489999999999999,0.457,0.696
590,Burkina Faso,2018,4.4239999999999995,121,0.314,0.254,0.312
591,Egypt,2018,4.419,122,0.885,0.5529999999999999,0.312
592,Mozambique,2018,4.417,123,0.198,0.17300000000000001,0.531
593,Kenya,2018,4.41,124,0.493,0.45399999999999996,0.504
594,Zambia,2018,4.377,125,0.562,0.295,0.503
595,Mauritania,2018,4.356,126,0.557,0.292,0.129
596,Ethiopia,2018,4.35,127,0.308,0.391,0.452
597,Georgia,2018,4.34,128,0.853,0.643,0.375
598,Armenia,2018,4.321000000000001,129,0.816,0.6659999999999999,0.26
599,Myanmar,2018,4.308,130,0.682,0.429,0.58
600,Chad,2018,4.301,131,0.358,0.053,0.18899999999999997
601,Congo (Kinshasa),2018,4.245,132,0.069,0.204,0.312
602,India,2018,4.19,133,0.721,0.485,0.539
603,Niger,2018,4.166,134,0.131,0.221,0.39
604,Uganda,2018,4.1610000000000005,135,0.322,0.237,0.45
605,Benin,2018,4.141,136,0.37799999999999995,0.24,0.44
606,Sudan,2018,4.138999999999999,137,0.605,0.312,0.016
607,Ukraine,2018,4.103,138,0.7929999999999999,0.609,0.163
608,Togo,2018,3.9989999999999997,139,0.259,0.253,0.434
609,Guinea,2018,3.964,140,0.344,0.21100000000000002,0.39399999999999996
610,Lesotho,2018,3.8080000000000003,141,0.47200000000000003,0.079,0.423
611,Angola,2018,3.795,142,0.73,0.26899999999999996,0.0
612,Madagascar,2018,3.7739999999999996,143,0.262,0.402,0.221
613,Zimbabwe,2018,3.6919999999999997,144,0.35700000000000004,0.248,0.406
614,Afghanistan,2018,3.6319999999999997,145,0.332,0.255,0.085
615,Botswana,2018,3.59,146,1.0170000000000001,0.41700000000000004,0.557
616,Malawi,2018,3.5869999999999997,147,0.18600000000000003,0.306,0.531
617,Haiti,2018,3.582,148,0.315,0.289,0.025
618,Liberia,2018,3.495,149,0.076,0.267,0.419
619,Syria,2018,3.4619999999999997,150,0.6890000000000001,0.539,0.08800000000000001
620,Rwanda,2018,3.408,151,0.332,0.4,0.636
621,Yemen,2018,3.355,152,0.442,0.34299999999999997,0.244
622,Tanzania,2018,3.303,153,0.455,0.381,0.48100000000000004
623,South Sudan,2018,3.2539999999999996,154,0.337,0.177,0.11199999999999999
624,Central African Republic,2018,3.083,155,0.024,0.01,0.305
625,Burundi,2018,2.905,156,0.091,0.145,0.065
626,Finland,2019,7.769,1,1.34,0.986,0.596
627,Denmark,2019,7.6,2,1.383,0.996,0.5920000000000001
628,Norway,2019,7.553999999999999,3,1.4880000000000002,1.028,0.603
629,Iceland,2019,7.494,4,1.38,1.026,0.591
630,Netherlands,2019,7.4879999999999995,5,1.396,0.9990000000000001,0.557
631,Switzerland,2019,7.48,6,1.452,1.052,0.5720000000000001
632,Sweden,2019,7.343,7,1.3869999999999998,1.0090000000000001,0.574
633,New Zealand,2019,7.307,8,1.3030000000000002,1.026,0.585
634,Canada,2019,7.278,9,1.365,1.0390000000000001,0.584
635,Austria,2019,7.246,10,1.376,1.016,0.532
636,Australia,2019,7.228,11,1.3719999999999999,1.036,0.557
637,Costa Rica,2019,7.167000000000001,12,1.034,0.963,0.5579999999999999
638,Israel,2019,7.138999999999999,13,1.276,1.0290000000000001,0.371
639,Luxembourg,2019,7.09,14,1.609,1.012,0.526
640,United Kingdom,2019,7.053999999999999,15,1.3330000000000002,0.996,0.45
641,Ireland,2019,7.021,16,1.499,0.9990000000000001,0.516
642,Germany,2019,6.985,17,1.3730000000000002,0.987,0.495
643,Belgium,2019,6.922999999999999,18,1.3559999999999999,0.986,0.473
644,United States,2019,6.892,19,1.433,0.8740000000000001,0.45399999999999996
645,Czech Republic,2019,6.852,20,1.2690000000000001,0.92,0.457
646,United Arab Emirates,2019,6.825,21,1.5030000000000001,0.825,0.598
647,Malta,2019,6.726,22,1.3,0.9990000000000001,0.564
648,Mexico,2019,6.595,23,1.07,0.861,0.433
649,France,2019,6.5920000000000005,24,1.324,1.045,0.436
650,Taiwan,2019,6.446000000000001,25,1.368,0.914,0.35100000000000003
651,Chile,2019,6.444,26,1.159,0.92,0.35700000000000004
652,Guatemala,2019,6.436,27,0.8,0.746,0.535
653,Saudi Arabia,2019,6.375,28,1.403,0.795,0.439
654,Qatar,2019,6.374,29,1.6840000000000002,0.871,0.555
655,Spain,2019,6.354,30,1.286,1.062,0.36200000000000004
656,Panama,2019,6.321000000000001,31,1.149,0.91,0.516
657,Brazil,2019,6.3,32,1.004,0.802,0.39
658,Uruguay,2019,6.292999999999999,33,1.124,0.8909999999999999,0.523
659,Singapore,2019,6.2620000000000005,34,1.5719999999999998,1.141,0.556
660,El Salvador,2019,6.252999999999999,35,0.794,0.789,0.43
661,Italy,2019,6.223,36,1.294,1.0390000000000001,0.231
662,Bahrain,2019,6.199,37,1.3619999999999999,0.871,0.536
663,Slovakia,2019,6.1979999999999995,38,1.246,0.8809999999999999,0.33399999999999996
664,Trinidad & Tobago,2019,6.192,39,1.2309999999999999,0.713,0.489
665,Poland,2019,6.182,40,1.206,0.884,0.483
666,Uzbekistan,2019,6.1739999999999995,41,0.745,0.7559999999999999,0.631
667,Lithuania,2019,6.149,42,1.238,0.818,0.29100000000000004
668,Colombia,2019,6.125,43,0.985,0.841,0.47
669,Slovenia,2019,6.117999999999999,44,1.258,0.953,0.564
670,Nicaragua,2019,6.105,45,0.6940000000000001,0.835,0.435
671,Kosovo,2019,6.1,46,0.882,0.758,0.489
672,Argentina,2019,6.086,47,1.092,0.8809999999999999,0.47100000000000003
673,Romania,2019,6.07,48,1.162,0.825,0.462
674,Cyprus,2019,6.046,49,1.263,1.042,0.406
675,Ecuador,2019,6.028,50,0.912,0.868,0.498
676,Kuwait,2019,6.021,51,1.5,0.8079999999999999,0.493
677,Thailand,2019,6.007999999999999,52,1.05,0.828,0.557
678,Latvia,2019,5.94,53,1.187,0.812,0.264
679,South Korea,2019,5.895,54,1.301,1.036,0.159
680,Estonia,2019,5.893,55,1.237,0.8740000000000001,0.495
681,Jamaica,2019,5.89,56,0.831,0.831,0.49
682,Mauritius,2019,5.888,57,1.12,0.7979999999999999,0.498
683,Japan,2019,5.886,58,1.327,1.088,0.445
684,Honduras,2019,5.86,59,0.642,0.828,0.507
685,Kazakhstan,2019,5.809,60,1.173,0.7290000000000001,0.41
686,Bolivia,2019,5.779,61,0.7759999999999999,0.706,0.511
687,Hungary,2019,5.757999999999999,62,1.2009999999999998,0.828,0.19899999999999998
688,Paraguay,2019,5.742999999999999,63,0.855,0.777,0.514
689,Northern Cyprus,2019,5.718,64,1.263,1.042,0.41700000000000004
690,Peru,2019,5.697,65,0.96,0.8540000000000001,0.455
691,Portugal,2019,5.693,66,1.2209999999999999,0.9990000000000001,0.508
692,Pakistan,2019,5.653,67,0.677,0.535,0.313
693,Russia,2019,5.648,68,1.183,0.726,0.33399999999999996
694,Philippines,2019,5.631,69,0.807,0.657,0.5579999999999999
695,Serbia,2019,5.603,70,1.004,0.8540000000000001,0.282
696,Moldova,2019,5.529,71,0.685,0.7390000000000001,0.245
697,Libya,2019,5.525,72,1.044,0.6729999999999999,0.41600000000000004
698,Montenegro,2019,5.523,73,1.051,0.871,0.19699999999999998
699,Tajikistan,2019,5.4670000000000005,74,0.493,0.718,0.389
700,Croatia,2019,5.432,75,1.155,0.914,0.29600000000000004
701,Hong Kong,2019,5.43,76,1.4380000000000002,1.122,0.44
702,Dominican Republic,2019,5.425,77,1.015,0.779,0.49700000000000005
703,Bosnia and Herzegovina,2019,5.386,78,0.945,0.845,0.212
704,Turkey,2019,5.372999999999999,79,1.183,0.8079999999999999,0.195
705,Malaysia,2019,5.3389999999999995,80,1.2209999999999999,0.828,0.508
706,Belarus,2019,5.3229999999999995,81,1.067,0.789,0.235
707,Greece,2019,5.287000000000001,82,1.181,0.9990000000000001,0.067
708,Mongolia,2019,5.285,83,0.948,0.667,0.317
709,North Macedonia,2019,5.274,84,0.983,0.838,0.345
710,Nigeria,2019,5.265,85,0.696,0.245,0.426
711,Kyrgyzstan,2019,5.261,86,0.551,0.723,0.508
712,Turkmenistan,2019,5.247000000000001,87,1.052,0.657,0.39399999999999996
713,Algeria,2019,5.211,88,1.002,0.785,0.086
714,Morocco,2019,5.207999999999999,89,0.8009999999999999,0.782,0.418
715,Azerbaijan,2019,5.207999999999999,90,1.043,0.769,0.35100000000000003
716,Lebanon,2019,5.197,91,0.987,0.815,0.21600000000000003
717,Indonesia,2019,5.192,92,0.9309999999999999,0.66,0.491
718,China,2019,5.191,93,1.0290000000000001,0.893,0.521
719,Vietnam,2019,5.175,94,0.741,0.851,0.5429999999999999
720,Bhutan,2019,5.082,95,0.813,0.604,0.457
721,Cameroon,2019,5.044,96,0.5489999999999999,0.331,0.381
722,Bulgaria,2019,5.011,97,1.092,0.815,0.311
723,Ghana,2019,4.996,98,0.611,0.486,0.381
724,Ivory Coast,2019,4.944,99,0.569,0.23199999999999998,0.35200000000000004
725,Nepal,2019,4.913,100,0.446,0.677,0.439
726,Jordan,2019,4.906000000000001,101,0.8370000000000001,0.815,0.38299999999999995
727,Benin,2019,4.883,102,0.39299999999999996,0.397,0.349
728,Congo (Brazzaville),2019,4.812,103,0.6729999999999999,0.508,0.37200000000000005
729,Gabon,2019,4.7989999999999995,104,1.057,0.5710000000000001,0.295
730,Laos,2019,4.796,105,0.764,0.551,0.547
731,South Africa,2019,4.7219999999999995,106,0.96,0.469,0.389
732,Albania,2019,4.718999999999999,107,0.9470000000000001,0.8740000000000001,0.38299999999999995
733,Venezuela,2019,4.707,108,0.96,0.805,0.154
734,Cambodia,2019,4.7,109,0.574,0.637,0.609
735,Palestinian Territories,2019,4.696000000000001,110,0.657,0.672,0.225
736,Senegal,2019,4.681,111,0.45,0.5710000000000001,0.292
737,Somalia,2019,4.668,112,0.0,0.268,0.5589999999999999
738,Namibia,2019,4.638999999999999,113,0.879,0.47700000000000004,0.401
739,Niger,2019,4.628,114,0.138,0.366,0.318
740,Burkina Faso,2019,4.587,115,0.331,0.38,0.255
741,Armenia,2019,4.559,116,0.85,0.815,0.28300000000000003
742,Iran,2019,4.548,117,1.1,0.785,0.305
743,Guinea,2019,4.534,118,0.38,0.375,0.332
744,Georgia,2019,4.519,119,0.8859999999999999,0.752,0.34600000000000003
745,Gambia,2019,4.516,120,0.308,0.428,0.382
746,Kenya,2019,4.5089999999999995,121,0.512,0.581,0.431
747,Mauritania,2019,4.49,122,0.57,0.489,0.066
748,Mozambique,2019,4.466,123,0.204,0.39,0.494
749,Tunisia,2019,4.461,124,0.9209999999999999,0.815,0.16699999999999998
750,Bangladesh,2019,4.456,125,0.562,0.723,0.527
751,Iraq,2019,4.437,126,1.043,0.574,0.24100000000000002
752,Congo (Kinshasa),2019,4.418,127,0.094,0.35700000000000004,0.26899999999999996
753,Mali,2019,4.39,128,0.385,0.308,0.327
754,Sierra Leone,2019,4.374,129,0.268,0.242,0.309
755,Sri Lanka,2019,4.3660000000000005,130,0.9490000000000001,0.831,0.47
756,Myanmar,2019,4.36,131,0.71,0.555,0.525
757,Chad,2019,4.35,132,0.35,0.192,0.174
758,Ukraine,2019,4.332,133,0.82,0.7390000000000001,0.17800000000000002
759,Ethiopia,2019,4.2860000000000005,134,0.336,0.532,0.344
760,Swaziland,2019,4.212,135,0.8109999999999999,0.0,0.313
761,Uganda,2019,4.189,136,0.332,0.44299999999999995,0.35600000000000004
762,Egypt,2019,4.166,137,0.9129999999999999,0.644,0.24100000000000002
763,Zambia,2019,4.107,138,0.578,0.426,0.431
764,Togo,2019,4.085,139,0.275,0.41,0.293
765,India,2019,4.015,140,0.755,0.588,0.498
766,Liberia,2019,3.975,141,0.073,0.44299999999999995,0.37
767,Comoros,2019,3.9730000000000003,142,0.27399999999999997,0.505,0.142
768,Madagascar,2019,3.9330000000000003,143,0.27399999999999997,0.555,0.14800000000000002
769,Lesotho,2019,3.802,144,0.489,0.168,0.359
770,Burundi,2019,3.775,145,0.046,0.38,0.22
771,Zimbabwe,2019,3.6630000000000003,146,0.366,0.433,0.361
772,Haiti,2019,3.597,147,0.32299999999999995,0.449,0.026000000000000002
773,Botswana,2019,3.488,148,1.041,0.5379999999999999,0.455
774,Syria,2019,3.4619999999999997,149,0.619,0.44,0.013000000000000001
775,Malawi,2019,3.41,150,0.191,0.495,0.44299999999999995
776,Yemen,2019,3.38,151,0.287,0.46299999999999997,0.14300000000000002
777,Rwanda,2019,3.3339999999999996,152,0.359,0.614,0.555
778,Tanzania,2019,3.2310000000000003,153,0.47600000000000003,0.499,0.41700000000000004
779,Afghanistan,2019,3.2030000000000003,154,0.35,0.361,0.0
780,Central African Republic,2019,3.083,155,0.026000000000000002,0.105,0.225
781,South Sudan,2019,2.853,156,0.306,0.295,0.01
782,Finland,2020,7.808700085,0,10.63926697,71.9008255,0.949172199
783,Denmark,2020,7.645599842,0,10.77400112,72.40250397,0.9514442679999999
784,Switzerland,2020,7.559899807000001,0,10.97993279,74.10244751,0.921336651
785,Iceland,2020,7.504499912000001,0,10.77255917,73.0,0.948891878
786,Norway,2020,7.487999916000001,0,11.08780384,73.20078278,0.955750287
787,Netherlands,2020,7.448900223,0,10.81271172,72.30091858,0.908547819
788,Sweden,2020,7.353499889,0,10.75879383,72.60076904,0.939144194
789,New Zealand,2020,7.2996001239999995,0,10.50094318,73.20262909,0.9362174870000001
790,Austria,2020,7.294199944,0,10.7428236,73.00250244,0.899989486
791,Luxembourg,2020,7.2375001910000005,0,11.45068073,72.59999847,0.90563643
792,Canada,2020,7.23210001,0,10.69236851,73.60160065,0.9339132309999999
793,Australia,2020,7.222799778,0,10.72059631,73.60453796,0.915431738
794,United Kingdom,2020,7.164500237,0,10.60013485,72.30160522,0.834743679
795,Israel,2020,7.128600121,0,10.41752529,73.20025635,0.7475805879999999
796,Costa Rica,2020,7.121399879,0,9.658156395,71.29985046,0.9347389340000001
797,Ireland,2020,7.093699932000001,0,11.16097832,72.30078888,0.8869829770000001
798,Germany,2020,7.075799942000001,0,10.7328186,72.20201874,0.867371082
799,United States,2020,6.939599991000001,0,10.92576885,68.29949951,0.842619538
800,Czech Republic,2020,6.9109001160000005,0,10.40416336,70.04793549,0.818537354
801,Belgium,2020,6.863500117999999,0,10.673639300000001,72.00164795,0.813582063
802,United Arab Emirates,2020,6.790800095,0,11.1099987,67.08278656,0.941345513
803,Malta,2020,6.772799968999999,0,10.53383827,72.19999695,0.9249114390000001
804,France,2020,6.663799762999999,0,10.58422279,73.80193329,0.8254676459999999
805,Mexico,2020,6.465000152999999,0,9.797797203,68.29902649,0.8587092759999999
806,Taiwan Province of China,2020,6.45539999,0,10.77568531,69.59999847,0.77153033
807,Uruguay,2020,6.440100192999999,0,9.948192596,69.00254822,0.892395437
808,Saudi Arabia,2020,6.406499863,0,10.79781246,66.30514526,0.854191244
809,Spain,2020,6.4008998870000005,0,10.46292686,74.40270996,0.751989543
810,Guatemala,2020,6.398900032,0,8.924805641,64.8089447,0.9081475729999999
811,Italy,2020,6.38740015,0,10.48183632,73.60168457,0.66465199
812,Singapore,2020,6.377099991000001,0,11.39552116,76.80458069,0.926645339
813,Brazil,2020,6.375599861,0,9.56643486,66.48016357,0.799804807
814,Slovenia,2020,6.363399982000001,0,10.39232254,71.1029892,0.936142623
815,El Salvador,2020,6.34829998,0,8.909075737,66.10826111,0.833805263
816,Kosovo,2020,6.325200081,0,9.204429626,63.88555527,0.861535907
817,Panama,2020,6.304800033999999,0,10.03423405,69.60301208,0.880366504
818,Slovakia,2020,6.280600071,0,10.34774971,68.90634155,0.7499526740000001
819,Uzbekistan,2020,6.257599831,0,8.740371704,65.10757446,0.974998116
820,Chile,2020,6.228499889,0,10.0320549,69.90061951,0.7448962929999999
821,Bahrain,2020,6.227300167,0,10.67638016,68.5,0.905855775
822,Lithuania,2020,6.215499877999999,0,10.34362602,67.29407501,0.747381449
823,Trinidad and Tobago,2020,6.1918997760000005,0,10.26000214,63.5,0.8579071159999999
824,Poland,2020,6.1862998010000005,0,10.26512432,69.31113434,0.8620557790000001
825,Colombia,2020,6.163400172999999,0,9.500369072,67.69958496,0.8361799120000001
826,Cyprus,2020,6.15899992,0,10.40570259,73.70222473,0.7798582909999999
827,Nicaragua,2020,6.13710022,0,8.493160247999999,67.50717926,0.8639028670000001
828,Romania,2020,6.123700142000001,0,10.107584,67.20723724,0.842823207
829,Kuwait,2020,6.102099895,0,11.08982468,66.76764679,0.8723664879999999
830,Mauritius,2020,6.101299762999999,0,9.956786156,66.40434265,0.889534533
831,Kazakhstan,2020,6.0578999520000005,0,10.11465836,64.60996246,0.811601937
832,Estonia,2020,6.0218000410000005,0,10.34001732,68.60495758,0.87770915
833,Philippines,2020,6.006000042,0,8.993545532,61.92676163,0.915463448
834,Hungary,2020,6.000400066,0,10.24924374,67.60997009,0.718964577
835,Thailand,2020,5.9987998010000005,0,9.741791725,67.25059509,0.905063033
836,Argentina,2020,5.974699974,0,9.810955048,68.80380249,0.831132412
837,Honduras,2020,5.953199862999999,0,8.424534798,67.19876862,0.870603263
838,Latvia,2020,5.9499998089999995,0,10.17531967,66.8074646,0.671237648
839,Ecuador,2020,5.925199986,0,9.246058463999999,68.50003815,0.8598289490000001
840,Portugal,2020,5.9109001160000005,0,10.26374245,72.40202332,0.8887478109999999
841,Jamaica,2020,5.889800072000001,0,9.006250381000001,67.09999847,0.8580685259999999
842,South Korea,2020,5.872399807000001,0,10.51056671,73.60272979999999,0.6129651070000001
843,Japan,2020,5.870800018,0,10.57968903,75.00096893,0.8099613790000001
844,Peru,2020,5.796800137000001,0,9.456313133,68.10023499,0.8247660990000001
845,Serbia,2020,5.77820015,0,9.680980682000001,68.21020508,0.726495862
846,Bolivia,2020,5.747499942999999,0,8.851115227000001,63.6004715,0.875873327
847,Pakistan,2020,5.69329977,0,8.482727051,58.25313568,0.734833717
848,Paraguay,2020,5.6921000479999995,0,9.389982224,65.63993835,0.885923445
849,Dominican Republic,2020,5.6891999239999995,0,9.664880753,65.80748749,0.8662027720000001
850,Bosnia and Herzegovina,2020,5.674099922000001,0,9.455817223,67.80813599,0.651352704
851,Moldova,2020,5.607500076,0,8.776714325,65.01301575,0.721609175
852,Tajikistan,2020,5.555699825,0,8.024810791,64.10459137,0.831383407
853,Montenegro,2020,5.54610014,0,9.751860619,68.50534821,0.649565637
854,Russia,2020,5.546000004,0,10.12887192,64.10045624,0.729892612
855,Kyrgyzstan,2020,5.541500092000001,0,8.148405075,64.10601044,0.909374893
856,Belarus,2020,5.539899826,0,9.779945374,66.10433197,0.6391630770000001
857,North Cyprus,2020,5.53550005,0,10.40570259,73.70222473,0.79529351
858,Greece,2020,5.514999866,0,10.13232613,72.40525818,0.5413451189999999
859,Hong Kong S.A.R. of China,2020,5.510399818,0,10.934671400000001,76.77170563,0.7798337940000001
860,Croatia,2020,5.504700184,0,10.07087517,70.21490479,0.714838803
861,Libya,2020,5.488800049,0,9.789815903,62.29999924,0.773157001
862,Mongolia,2020,5.4562001229999995,0,9.412186623,62.30448532,0.693351328
863,Malaysia,2020,5.384300232,0,10.26251888,67.10215759,0.8946268559999999
864,Vietnam,2020,5.353499889,0,8.809545517,67.95273590000001,0.939592957
865,Indonesia,2020,5.285600185,0,9.36975193,62.15584946,0.8706144090000001
866,Ivory Coast,2020,5.233300208999999,0,8.225561142,49.50377274,0.727909327
867,Benin,2020,5.21600008,0,7.674319744,54.31246567,0.735182583
868,Maldives,2020,5.197599888,0,9.518632889,70.59999847,0.8539627790000001
869,Congo (Brazzaville),2020,5.1943998339999995,0,8.536987305,57.92448044,0.7190585140000001
870,Azerbaijan,2020,5.164800167,0,9.687726974,65.50839996,0.786824107
871,Macedonia,2020,5.1598000530000006,0,9.510591507000001,67.50442505,0.738840938
872,Ghana,2020,5.1479997630000005,0,8.350645065,57.20398712,0.794796526
873,Nepal,2020,5.137199879,0,7.925357342000001,63.77917862,0.797565043
874,Turkey,2020,5.131800175,0,10.12941933,66.90281677,0.6088304520000001
875,China,2020,5.123899937,0,9.688568115,69.2891922,0.898517907
876,Turkmenistan,2020,5.119100093999999,0,9.74803257,62.21170807,0.8264570240000001
877,Bulgaria,2020,5.101500034,0,9.869318962000001,66.80397797,0.745178163
878,Morocco,2020,5.094799995,0,8.940313339,65.89624023,0.772072434
879,Cameroon,2020,5.084899902,0,8.118647575,52.704940799999996,0.7630518079999999
880,Venezuela,2020,5.053199768,0,8.977793693999999,66.50534058,0.62327832
881,Algeria,2020,5.005099773,0,9.537964821000001,65.90517426,0.46661090899999996
882,Senegal,2020,4.980800152,0,8.118982315,59.59915161,0.6905961629999999
883,Guinea,2020,4.949299812,0,7.750990391,54.46780014,0.7068467740000001
884,Niger,2020,4.909599781,0,6.842166901000001,53.50009537,0.759772122
885,Laos,2020,4.888599873,0,8.79858017,58.70992279,0.907213569
886,Albania,2020,4.882699966000001,0,9.417930603,68.70813751,0.7819942240000001
887,Cambodia,2020,4.8484001160000005,0,8.249890327000001,61.52996826,0.9597046379999999
888,Bangladesh,2020,4.832799911,0,8.287063599,64.50306702,0.90062499
889,Gabon,2020,4.829299927,0,9.680537224,59.71533966,0.7048292159999999
890,South Africa,2020,4.814099789,0,9.403370857,56.50601196,0.7593300940000001
891,Iraq,2020,4.7848000530000006,0,9.661095619,59.90354919,0.633182645
892,Lebanon,2020,4.771500111,0,9.3617239,67.10658264,0.5513575079999999
893,Burkina Faso,2020,4.768700123,0,7.46854496,53.88945389,0.665563583
894,Gambia,2020,4.750599861,0,7.321814537000001,55.01201629999999,0.733163178
895,Mali,2020,4.729300021999999,0,7.629852295,51.72698212,0.71156615
896,Nigeria,2020,4.724100113,0,8.57662487,49.86190796,0.759578407
897,Armenia,2020,4.676799774,0,9.100476265,66.75065613,0.7120178340000001
898,Georgia,2020,4.672599792,0,9.226100922,64.49520874,0.8016415240000001
899,Iran,2020,4.672399998,0,9.813719749,66.00614929,0.647873282
900,Jordan,2020,4.6333999630000005,0,9.025999069,66.79975128,0.75104779
901,Mozambique,2020,4.623600006,0,7.069345951,54.20582199,0.864451885
902,Kenya,2020,4.583000183,0,8.02977562,60.09693146,0.829747558
903,Namibia,2020,4.571100235,0,9.203141212,56.50148773,0.767520964
904,Ukraine,2020,4.56069994,0,9.010690689,64.60678101,0.663081884
905,Liberia,2020,4.557899952,0,7.054380417000001,56.09631348,0.735268712
906,Palestinian Territories,2020,4.552800179,0,8.389223099,62.25,0.645791829
907,Uganda,2020,4.43200016,0,7.500389576,55.70820236,0.7317139509999999
908,Chad,2020,4.422699928,0,7.467963696,48.22053909,0.587305248
909,Tunisia,2020,4.392199993,0,9.314972877999999,66.89785767,0.593361557
910,Mauritania,2020,4.374599934,0,8.233919144,57.01017761,0.551522553
911,Sri Lanka,2020,4.327000141,0,9.389969826,67.20006561,0.837633669
912,Congo (Kinshasa),2020,4.31099987,0,6.694256306000001,52.90000153,0.700793564
913,Swaziland,2020,4.3081002239999995,0,9.16267395,51.18823624,0.646822274
914,Myanmar,2020,4.308000088,0,8.680481911000001,58.96171188,0.895075202
915,Comoros,2020,4.288599968,0,7.833630085,57.34901047,0.547612607
916,Togo,2020,4.187200069,0,7.357711315,54.71989822,0.6498286129999999
917,Ethiopia,2020,4.186200142,0,7.5093855860000005,58.63959122,0.740795195
918,Madagascar,2020,4.165599823,0,7.281685829,59.10542679,0.5575740929999999
919,Egypt,2020,4.151400089,0,9.316541672,61.78015137,0.708354175
920,Sierra Leone,2020,3.926399946,0,7.26880312,50.86514282,0.715315044
921,Burundi,2020,3.775300026,0,6.492642403,53.40000153,0.626350224
922,Zambia,2020,3.759399891,0,8.224720001,55.29937744,0.806500256
923,Haiti,2020,3.720799923,0,7.411329268999999,55.59862518,0.537825167
924,Lesotho,2020,3.6528000830000003,0,7.9604883189999995,48.00362396,0.738125861
925,India,2020,3.573299885,0,8.849823952000001,60.21518707,0.8814448709999999
926,Malawi,2020,3.538000107,0,7.062226295,57.59288788,0.803223193
927,Yemen,2020,3.5274000169999997,0,7.759682655,56.72728348,0.599920273
928,Botswana,2020,3.4788999560000002,0,9.711203575,58.92445374,0.8213281040000001
929,Tanzania,2020,3.4762001039999997,0,7.967665195,57.49607468,0.82153976
930,Central African Republic,2020,3.475899935,0,6.625160217,45.20000076,0.640880644
931,Rwanda,2020,3.312299967,0,7.600104332000001,61.09884644,0.9005894059999999
932,Zimbabwe,2020,3.2992000580000003,0,7.865711688999999,55.61725998,0.711457908
933,South Sudan,2020,2.8166000839999996,0,7.425359726,51.0,0.451313615
934,Afghanistan,2020,2.566900015,0,7.4628605839999995,52.59000015,0.39657300700000003
